feature,importance_mean,importance_std
n_items,0.044680749170713706,0.0037409807539954113
seller_prior_bad_rate,0.025393857390350254,0.0015741041271230328
n_distinct_sellers,0.019942869466779433,0.0012981842283628022
total_freight,0.00601418276593745,0.002364331967693839
promised_delivery_days,0.0030414685199890803,0.0012973684790903667
customer_state,0.0020068773043698715,0.0013126829975907354
total_price,0.0017760041895168537,0.0006680009911571848
seller_prior_n_orders,0.0016315350479472284,0.0020903433510188955
purchase_hour,0.0011929640746234,0.0007021954284864085
freight_to_price_ratio,0.0008109053291264859,0.0007143269419699441
n_payment_installments,0.0007928268736778488,0.0006531648376941796
total_payment_value,0.0005761307121378104,0.00023159031958152742
avg_weight_g,0.0005497479781671477,0.0006303846296677138
is_interstate,0.0004936635233981912,0.0004805751566194562
n_distinct_products,0.0004041083808985028,0.0001542243974060888
max_price,0.00016922025578900804,0.0002514749265788382
payment_type,0.00016395940547910456,6.982858490971288e-05
avg_photos_qty,0.00014218408619529055,0.00032195851444043595
purchase_month,0.00013779058469925998,0.0002150611408612077
n_payment_methods,2.0405555729232267e-05,5.4114428884157984e-06
price_per_item,0.0,0.0
is_multi_seller,0.0,0.0
high_installments,0.0,0.0
is_multi_item,0.0,0.0
purchase_dow,-8.350722746621371e-05,0.0005210261186182775
avg_name_length,-0.0002455655823533816,0.0002900638375726133
product_category_name_english,-0.0003345127205024538,0.0019193518014384158
avg_price,-0.0005525658312670138,0.00039603660379531166
seller_state,-0.0005617232626899671,0.001035985532810399
avg_desc_length,-0.0008602826241890978,0.0007554534517111781
