intervention_success_rate,best_threshold,best_savings_vs_flag_nothing,precision_at_best,recall_at_best
0.05,0.786,-1709.78,1.0,0.0382
0.1,0.786,-1519.56,1.0,0.0382
0.15,0.786,-1329.33,1.0,0.0382
0.2,0.745,-1129.08,0.9873,0.0392
0.25,0.745,-917.6,0.9873,0.0392
0.3,0.582,-454.79,0.7606,0.0543
0.35,0.541,124.53,0.7111,0.0644
0.4,0.459,848.66,0.5755,0.092
0.45,0.459,1948.49,0.5755,0.092
0.5,0.418,3209.31,0.5287,0.1066
0.55,0.418,4532.74,0.5287,0.1066
0.6,0.378,6122.58,0.4857,0.1277
0.65,0.337,7859.31,0.4274,0.1508
0.7,0.337,9813.87,0.4274,0.1508
0.75,0.337,11768.43,0.4274,0.1508
0.8,0.337,13722.99,0.4274,0.1508
0.85,0.296,15910.77,0.3695,0.178
0.9,0.296,18255.52,0.3695,0.178
0.95,0.296,20600.28,0.3695,0.178
