threshold,precision,recall,f1,n_flagged,true_positives,false_positives,false_negatives,true_negatives,expected_total_cost,savings_vs_flag_nothing
0.01,0.1123,1.0,0.2019,17711,1989,15722,0,0,558643.08,-393117.25
0.035,0.1125,0.999,0.2021,17670,1987,15683,2,39,557636.05,-392110.22
0.059,0.1147,0.9638,0.205,16712,1917,14795,72,927,534817.28,-369291.45
0.084,0.1253,0.8748,0.2192,13886,1740,12146,249,3576,467106.57,-301580.75
0.108,0.1414,0.7391,0.2374,10397,1470,8927,519,6795,384729.95,-219204.12
0.133,0.161,0.5842,0.2524,7218,1162,6056,827,9666,310718.93,-145193.11
0.157,0.1864,0.4776,0.2682,5096,950,4146,1039,11576,262539.3,-97013.47
0.182,0.2142,0.3912,0.2768,3632,778,2854,1211,12868,229512.82,-63986.99
0.206,0.2394,0.3077,0.2693,2556,612,1944,1377,13778,207158.62,-41632.8
0.231,0.2722,0.2524,0.2619,1844,502,1342,1487,14380,192235.67,-26709.85
0.255,0.3133,0.2257,0.2624,1433,449,984,1540,14738,183824.34,-18298.51
0.28,0.3443,0.1941,0.2482,1121,386,735,1603,14987,178465.14,-12939.31
0.304,0.3786,0.1709,0.2355,898,340,558,1649,15164,174709.85,-9184.03
0.329,0.4126,0.1554,0.2257,749,309,440,1680,15282,172255.68,-6729.85
0.353,0.443,0.1388,0.2113,623,276,347,1713,15375,170239.56,-4713.73
0.378,0.4857,0.1277,0.2022,523,254,269,1735,15453,169002.03,-3476.21
0.402,0.5135,0.1146,0.1874,444,228,216,1761,15506,167940.1,-2414.27
0.427,0.5342,0.1021,0.1714,380,203,177,1786,15545,167523.38,-1997.55
0.451,0.5671,0.0935,0.1606,328,186,142,1803,15580,166997.15,-1471.33
0.476,0.5942,0.0825,0.1448,276,164,112,1825,15610,166503.19,-977.37
0.5,0.6213,0.0734,0.1313,235,146,89,1843,15633,166439.52,-913.7
0.525,0.6839,0.0664,0.121,193,132,61,1857,15661,166144.46,-618.63
0.549,0.7368,0.0633,0.1167,171,126,45,1863,15677,165890.76,-364.94
0.574,0.7517,0.0548,0.1022,145,109,36,1880,15686,166015.88,-490.05
0.598,0.7836,0.0528,0.0989,134,105,29,1884,15693,165948.65,-422.82
0.623,0.8291,0.0488,0.0921,117,97,20,1892,15702,166304.68,-778.85
0.647,0.8911,0.0452,0.0861,101,90,11,1899,15711,166203.23,-677.4
0.671,0.9043,0.0427,0.0816,94,85,9,1904,15713,166314.02,-788.2
0.696,0.8989,0.0402,0.077,89,80,9,1909,15713,166397.56,-871.74
0.721,0.975,0.0392,0.0754,80,78,2,1911,15720,166256.94,-731.12
0.745,0.9873,0.0392,0.0754,79,78,1,1911,15721,166231.94,-706.12
0.77,1.0,0.0382,0.0736,76,76,0,1913,15722,166284.49,-758.67
0.794,1.0,0.0382,0.0736,76,76,0,1913,15722,166284.49,-758.67
0.819,1.0,0.0382,0.0736,76,76,0,1913,15722,166284.49,-758.67
0.843,1.0,0.0382,0.0736,76,76,0,1913,15722,166284.49,-758.67
0.868,1.0,0.0382,0.0736,76,76,0,1913,15722,166284.49,-758.67
0.892,1.0,0.0382,0.0736,76,76,0,1913,15722,166284.49,-758.67
0.917,1.0,0.0382,0.0736,76,76,0,1913,15722,166284.49,-758.67
0.941,1.0,0.0382,0.0736,76,76,0,1913,15722,166284.49,-758.67
0.966,1.0,0.0382,0.0736,76,76,0,1913,15722,166284.49,-758.67
0.99,1.0,0.0382,0.0736,76,76,0,1913,15722,166284.49,-758.67
